PDB_ID,Entity,Score,Seq_id,E-value
4KSO,1,1.0,1.0,1.739e-60
2QKE,1,0.8098159509202454,0.888,1.224e-49
1WWJ,1,0.8220858895705522,0.878,3.455e-50
1VGL,1,0.7975460122699386,0.878,8.162e-49
1R5P,1,0.8220858895705522,0.876,2.518e-50
5JWQ,2,0.754601226993865,0.858,1.765e-46
5JWO,2,0.7361963190184049,0.848,3.04e-45
5JWR,2,0.7361963190184049,0.848,3.04e-45
4KUN,1,0.22699386503067484,0.476,1.611e-16
6X61,2,0.0,0.315,0.0009415
